,Model0,Model1,Model2,Model3,Model4,Model5,Model6,Model7,Model8,Model9
0,-87.97499743,1.33E+24,-115.4454384,-577.9960796,-73.4913375,20.49959042,-1.61E+49,-22.80952006,-306.4966825,-116.2735963
1,-148.059745,-1.61E+26,-43.72111698,-86.67958554,-157.5296507,-87.30053835,-2.56E+48,-3.27566617,88.70679442,-13.87022769
2,-24.54212619,-2.70E+26,-39.27725594,-65.21839109,-35.51962868,24.40790665,-3.61E+46,-29.81079067,6.045927425,214.492259
3,38.00767158,-5.25E+25,-79.71855825,-398.73494,124.2073756,23.10039605,3.86E+49,-2.125385686,53.85141386,-46.91160954
4,264.2729586,3.48E+28,-46.06197468,-719.1835488,28.03774065,44.39356282,4.75E+48,1.478790254,87.98801194,-38.54542073
5,-25.96917468,2.25E+25,-170.3610519,44.34007471,-123.8128913,-68.6369155,-2.84E+51,15.20220457,37.47816327,-92.6503683
6,-50.92789834,1.13E+27,31.30535514,-323.5993944,-87.31737337,280.090399,-2.51E+49,7.2800213,-9.652273741,33.4095325
7,-12.47007142,3.63E+23,-74.71563642,-276.8133718,64.67248386,-72.7408476,-2.35E+47,5.540954362,135.8047387,71.26015643
8,7.786996321,1.61E+26,30.4253153,-972.6925308,-119.2339561,93.72439916,-2.65E+48,12.86007118,11.17380783,-4.19055047
9,-506.9496295,-7.56E+22,34.33113238,48.75292955,69.47327625,71.11597098,-4.33E+48,60.37474681,31.49404439,28.66992421
10,182.5312614,2.92E+24,3.501632842,-207.8963848,23.47637266,172.0385547,-7.39E+48,5.04561671,41.97545691,-57.71326359
11,66.09232464,-1.31E+26,-48.04305067,121.1625077,-13.10914123,-247.9194979,-6.46E+49,-49.95263135,-95.29179363,5.303160408
12,-114.8610472,-8.85E+25,111.0278188,-172.2339017,-124.9532002,-19.44873628,-7.06E+49,48.22669004,-13.21820909,68.8630964
13,-130.7656433,-1.59E+24,4.897908908,-133.2464254,23.45186822,-46.5129874,1.03E+53,-13.40337166,-27.96260082,-26.37006376
14,1.424655819,2.43E+26,-26.22371244,369.7358774,4.307325563,10.43351974,1.10E+47,17.69890231,-69.34021129,39.5798905
15,-127.3661893,-2.64E+25,82.31520695,-1454.242882,41.87383172,73.68210068,-1.04E+50,-14.26665015,-71.99260859,26.46120779
16,11.08997045,6.10E+25,-69.87096635,94.95989294,21.94791112,-82.66763469,-5.54E+48,-3.042038132,-3.105872046,73.86550374
17,-28.92459143,-1.82E+27,89.34731713,-85.2882749,-81.56221062,-127.4538673,4.44E+50,19.55696519,-15.93807903,68.23967173
18,-30.04170445,8.84E+24,75.71065272,-81.81209575,-8.051829405,75.36511107,-8.00E+50,10.01535946,41.2877724,-30.33076927
19,-388.0973544,1.75E+25,1.675312163,-87.45738352,57.69351161,83.69481624,-4.86E+52,-13.40950033,22.51074875,35.19628642
20,-215.9842807,3.43E+26,10.59835037,-3.675359808,177.4360775,-34.16068839,-1.23E+50,-36.23586325,4.890492217,-46.93371477
21,-47.47611331,9.09E+23,-32.59740308,113.6186146,68.18302087,-50.65481209,1.79E+50,2.907366101,-10.26239347,-96.75152499
22,145.5937934,3.91E+23,-10.90973929,-39.23694177,29.96736903,-92.54105649,-5.89E+52,58.56260636,-23.1856214,40.59133916
23,-109.2820488,-5.74E+23,-104.090748,-26.19621628,138.9443001,65.88708054,3.68E+46,-18.42704336,10.83624162,11.85704414
24,123.72237,-2.99E+26,50.98516884,37.92471869,84.164099,109.2982396,-1.69E+52,69.62388296,22.81506804,38.72984648
25,242.6833767,1.12E+24,31.60530067,49.81990648,50.72249211,-129.7197357,-1.31E+46,-8.918670074,56.72720015,-45.99702028
26,-210.1357422,-1.30E+27,-40.54156002,4.6133386,-14.26253311,122.9747891,2.32E+49,73.81990776,-8.838898281,-34.41246293
27,-43.90180968,-1.32E+24,-60.53462501,-6.729094956,61.26187973,4.319367605,-1.29E+52,1.844590177,-40.65448146,6.979715498
28,-235.5711012,1.03E+24,16.6511741,-480.1700125,-60.35903643,139.873519,2.52E+51,25.73945976,29.15533908,8.177853184
29,-342.3647142,3.31E+21,7.56389603,110.3970538,-21.38232798,28.72108713,-2.55E+48,-37.41744011,41.02221809,-71.43110846
30,-17.96768701,-8.98E+26,-14.07039792,-116.888564,0.447403422,-132.4307283,-1.15E+46,-20.28901659,-18.77315009,-75.44048185
31,98.52817081,-7.45E+25,44.2919111,-3.054914028,17.43930332,-131.1734814,1.45E+49,19.87375002,17.17117942,5.955094451
32,-23.74261005,-3.74E+28,5.480375781,267.363213,111.7900987,-18.26311688,1.94E+50,-1.270741148,-12.54231115,-24.84981534
33,31.95450395,4.97E+24,-49.79988551,-79.25900812,-214.2461103,33.3905536,1.56E+51,-27.50210287,21.22534603,87.97527713
34,45.58228689,-8.26E+25,30.28167772,100.0415945,-180.1757557,-37.00668027,1.57E+49,53.502778,-39.04842469,23.39701816
35,231.6011764,-1.21E+22,61.33006624,34.63216303,-1.493964186,-98.91407513,5.39E+51,55.433517,-41.7324166,-5.999412152
36,359.1498909,-1.20E+27,-126.8570707,69.69463067,-5.899471577,-5.609571601,1.79E+46,-0.117514896,28.52118347,8.218173552
37,-2947.251052,2.43E+26,-60.02664044,54.2547569,-49.05622427,197.3629727,4.43E+48,-10.84960728,12.27974372,26.76861744
38,-343.8280729,1.23E+24,46.10900643,141.0102199,-43.89207576,88.47767812,-2.44E+49,43.83383593,168.5893951,-38.87481819
39,31.11855404,-3.99E+26,81.26003326,-234.1239879,46.63664844,12.51779367,-8.69E+47,-3.067638966,26.25658352,2.874841616
40,-251.3314237,-2.28E+25,-6.968048994,-383.0925583,-82.41655261,45.31144676,1.18E+46,18.18732048,24.97153363,-36.5506167
41,-4.07770866,-9.91E+26,114.3778854,-224.594538,25.00640019,104.6179448,2.22E+52,-3.197608833,-5.213023821,-2.251831831
42,199.6212044,2.65E+25,-90.92408546,119.9937829,2.982395137,-61.88366135,-5.36E+48,-2.853047061,-73.33667417,74.09744091
43,860.4409342,8.61E+23,-27.36735024,50.29524747,-90.58393928,34.6462315,-9.56E+49,-25.53054721,-20.0577592,-0.077974233
44,-305.1244545,5.36E+25,36.39009107,108.0111057,-50.52600012,30.61589615,5.43E+48,58.65504852,0.343318115,8.932896726
45,-176.6405364,1.47E+24,-31.26914476,134.5032012,82.4820697,-141.6125748,-4.26E+50,-24.27797801,-28.5988873,11.61151114
46,5.420784987,-5.17E+22,14.74747585,187.6544532,-13.46755334,73.08352491,-1.02E+53,72.90836384,17.51644939,-24.82512078
47,69.35697776,3.15E+26,-86.08086339,-125.0724749,-119.9819072,82.22756974,-9.00E+47,-5.581504492,-11.07233174,6.614051422
48,408.9806875,1.34E+24,-37.81540209,-62.28986021,28.39427607,401.0183704,5.49E+49,-2.406011724,-56.29641663,32.99614011
49,216.5566654,-5.02E+25,-41.59708915,-133.0547675,97.62299078,91.70140606,-3.99E+51,-47.88963387,-17.40469559,5.218411749
50,146.6278494,-2.71E+26,2.121448972,-156.1890122,-63.84301247,70.67132909,1.38E+49,11.54370364,-52.38638443,66.70794417
51,-166.261172,1.84E+27,-22.51866514,25.58615201,56.23528805,61.26402317,5.34E+49,-13.26723759,90.24029658,-32.2187314
52,159.8763727,-1.21E+26,-90.56606231,115.3465302,75.41504928,40.89525813,-4.65E+48,-8.019478708,75.59957307,14.89882344
53,-123.019536,8.21E+25,47.13096269,103.0589759,41.26227386,-28.59722322,-1.50E+52,-23.26739854,-2.709942795,23.0167445
54,173.8977886,-1.61E+27,-87.6121055,47.87602238,-195.9279999,166.8999644,1.79E+49,26.66307638,14.02941774,-52.74269689
55,-218.3937123,3.37E+26,13.02034077,-90.52479098,-60.29874011,-21.07824113,2.49E+51,0.774207503,-76.88367473,-26.62659215
56,55.54209562,-1.44E+26,31.6259846,-100.8438194,-42.40022118,-55.22138392,4.25E+49,-10.16777258,-2.848250726,21.19850308
57,63.4858222,3.39E+25,-40.29332141,7.82400235,-104.6482359,545.2272175,-5.17E+51,-0.309212759,83.41846008,1.010075262
58,34.62554052,-1.53E+24,60.1468418,131.8215506,95.40204832,-0.5284471,4.49E+46,-12.65769783,12.96133602,-141.0957139
59,-120.4326826,-3.64E+23,-66.71043101,41.27223769,27.94077777,-253.5759919,-3.49E+46,36.04239043,-13.07984023,-11.1098659
60,-271.9838171,-1.34E+24,-33.52041451,-238.6144958,-109.9508726,7.552857199,-4.53E+47,-36.62207365,-6.458663257,11.89288431
61,-74.53059552,-9.43E+26,32.30370246,-278.451987,-74.05394726,-66.23406976,3.39E+49,-3.214707704,-50.87176573,87.89407873
62,60.45330934,1.37E+28,46.77791646,304.8244767,-62.57503054,-29.81896848,1.11E+51,-4.444750242,-24.26992566,-39.09434297
63,96.17282079,-2.44E+24,56.16464804,393.0099721,-191.5331004,-9.817224388,3.22E+43,3.200414372,27.69354138,38.04505964
64,-263.7056216,8.35E+24,-38.76924188,206.3917855,-54.51571209,-76.73414169,-4.08E+52,7.450006801,7.636874754,19.89407333
65,-183.7106291,-2.64E+24,-8.332504256,176.4685468,-141.4490865,-195.9705151,1.47E+49,8.591900611,-25.95457803,-100.2379513
66,-174.4135601,3.86E+24,-39.90106074,568.2476867,50.46530261,50.77846034,1.25E+48,35.97641781,-24.38412563,-49.93362146
67,72.91654769,-1.97E+27,-38.75249188,2.863418771,142.4750824,-109.1792031,3.50E+50,60.40274059,33.47393785,108.1841028
68,57.50821713,1.54E+26,-46.39496202,-20.29031447,74.40406271,-0.155828078,-2.49E+52,66.94998154,55.75186177,21.70285768
69,106.6146329,-2.98E+26,-76.23893818,-135.6235993,-86.70594323,-68.928399,-3.29E+49,-9.56197198,-105.7551939,-30.97834448
70,83.33093584,-1.61E+28,-31.42966149,226.9969231,57.16943878,-54.62357035,2.06E+50,-8.862476741,-61.87370786,-42.51630549
71,-92.55493502,1.84E+27,18.74377873,-582.4175302,40.50422115,-19.53355899,1.71E+49,-23.5950286,-17.66214251,25.519647
72,-234.5681965,5.81E+23,-9.103892672,61.37704715,5.19398577,-122.5778439,-2.02E+53,-4.802438308,-54.08471822,37.08737701
73,-129.0751405,-6.01E+26,19.44731601,-49.36009215,11.91189313,28.97431389,-7.82E+48,-18.94971189,-96.15129972,31.4814878
74,60.60487738,6.41E+26,9.753732145,128.9996959,-85.02768688,21.29746203,2.68E+47,-43.94917945,74.30158794,-69.72479906
75,-197.260834,-4.17E+28,-19.0529454,1473.12563,-135.7260081,-50.1241453,2.00E+48,25.38013908,-29.9738987,-2.943304859
76,-37.54108086,3.48E+21,45.56460394,276.4799144,-33.84119528,-33.10482695,-1.01E+51,11.37752438,-24.4362212,-103.1421118
77,-56.82534089,-2.27E+26,13.53963452,125.0550106,-15.84500009,-221.5276829,7.92E+46,-46.92349075,22.82889114,-203.7387898
78,29.85567686,4.49E+26,98.40439599,0.333465086,109.9122103,25.82328164,3.01E+48,53.083778,36.13815235,39.71776575
79,16.75253468,1.95E+22,-29.79944728,153.0611797,75.01670349,87.03962499,-4.44E+48,-21.68601728,-37.41324743,58.51853863
80,233.368592,-1.96E+22,-36.53928996,-154.3413702,-41.13578895,-1.05500342,2.12E+52,20.09644593,-36.20867581,48.19661897
81,519.0273052,-4.24E+23,4.553926733,252.8797091,-138.5158513,-267.9673041,1.83E+47,-1.53682649,-7.113644842,2.109017792
82,61.16958236,-1.88E+24,-37.55223414,-64.91474845,-30.90172858,190.6924902,2.06E+51,51.04368633,1.308022347,-24.48961502
83,-84.3021104,-3.62E+25,15.17808705,-163.3851928,6.1893865,81.94059506,-3.84E+50,-55.14199753,-61.95542185,37.42011435
84,-226.0932684,5.64E+24,15.00833842,-72.10542828,69.59284832,-63.0411942,3.52E+45,10.87424266,30.39024646,69.6258119
85,389.0600721,-3.37E+26,76.63703966,-194.3566801,42.47274984,-13.54802995,-2.23E+49,-12.5595065,-22.84384026,71.33043215
86,-419.60932,7.75E+26,-69.54491662,-113.312534,46.19431942,41.71430663,1.78E+45,-44.8599299,-13.57335749,-62.39872583
87,-349.1260987,1.35E+25,25.60145514,208.0907382,-155.9610919,-585.4685067,-1.74E+47,-5.328643452,18.99286605,-3.055380159
88,26.46431524,2.06E+24,-38.39429378,40.42094415,44.51952014,-33.42300537,3.30E+50,62.36446076,-6.782887975,-49.91872722
89,-317.1759572,-1.78E+24,-6.900278971,234.2870516,-45.13172297,-24.41890801,-4.89E+52,-9.267031241,78.65819376,-27.46284308
90,321.9821668,-5.50E+23,-56.40865645,-209.615178,-68.05821123,50.46290276,-3.84E+48,28.45850476,-20.22046068,22.67123945
91,-86.33492426,-3.46E+26,-19.19404156,-166.7952965,57.79311192,-44.36467784,-7.84E+51,11.98818901,49.21137669,-14.59855219
92,69.70553282,-1.66E+25,2.494994114,-99.29788716,7.335293544,-153.0107959,-1.77E+50,13.90632237,12.47727703,190.1604086
93,39.8041882,3.73E+25,107.4569837,11.73907432,66.10802862,92.33597502,1.32E+50,-25.28062948,-3.36102874,-70.08474959
94,105.6448303,4.15E+25,-18.78815539,-47.0732282,-58.13171623,-20.52131156,-1.85E+52,-15.19715775,8.020691769,41.70314355
95,201.5950523,-4.75E+27,135.094697,73.08868294,-5.363533382,-52.27686727,1.39E+49,-82.28536403,12.60277969,13.70647435
96,64.0799121,-4.38E+23,12.62321669,-12.93242901,-52.22343037,-17.28054599,7.01E+47,27.71577828,31.17686276,-24.59190376
97,247.771624,4.50E+25,37.71922687,209.5816501,44.84422848,-102.2177426,3.81E+52,-11.00970374,4.381655163,55.76073053
98,-44.18421833,8.59E+23,-31.78598671,-8.018882433,-34.41737091,-5.04561541,-2.26E+46,-40.32535969,-44.35650193,-18.68567176
99,122.5877578,6.29E+26,-34.04260883,-35.33647028,21.11047954,-44.18830773,-8.55E+51,36.53643598,-13.53853684,32.15079836
100,60.10985978,3.04E+25,14.32088836,89.38414869,-19.14246446,-84.76348853,4.87E+48,-10.41373511,3.536544498,-9.106563369
101,-37.58737742,-1.82E+27,-50.25561797,17.97516835,92.03608652,12.07702356,2.58E+47,-19.14955525,-70.69052092,45.5316793
102,71.71967173,-1.17E+25,-56.33848685,-439.7308808,-3.299934333,67.99533283,1.09E+47,11.73856813,-12.26275362,-12.21419566
103,-102.9904456,-2.30E+23,-23.88696092,-483.2831475,-17.42113417,104.8302088,1.97E+50,18.99341976,3.384850834,-4.254290215
104,-837.5698044,1.60E+23,126.3667392,-61.88952107,-5.957374438,63.06704141,-4.06E+48,-71.22413068,52.26132118,-21.45877038
105,118.0455528,-1.89E+21,-1.312027121,-46.46297939,162.2789237,-104.8814455,-6.23E+52,63.98183098,-45.12495144,-59.84127775
106,-43.41065793,-9.33E+23,46.73002361,93.41420499,31.80421228,-140.489552,1.67E+50,-2.472314287,-28.11586023,-23.22637147
107,-120.7068517,1.42E+25,-54.71280315,-138.2450148,4.615475921,-98.16801809,-1.22E+52,2.732272865,11.0717892,-49.58126289
108,-156.5990278,9.68E+23,-0.899327092,-137.6986357,-17.20945169,-121.3915983,2.00E+52,-19.23717317,-8.484403851,46.8981637
109,109.4380219,-1.13E+25,-143.1572042,-174.6873893,-36.16914971,-30.64006344,-2.28E+45,-27.67225883,-168.9982167,54.62930926
110,74.9853737,-5.48E+26,-32.64609103,-9.384938883,8.578477832,-113.7100059,-7.80E+47,-11.41183837,16.03931669,40.24966627
111,-116.8993067,-4.93E+24,41.27784567,-74.53504023,154.4816362,-35.45170606,-1.20E+49,-42.13832557,-53.30132595,-96.91931756
112,16.38605946,3.66E+23,38.50677467,-109.7304674,87.19566946,-74.84044089,-5.94E+48,-15.81345984,-72.90162824,-24.54670826
113,-13.41509476,2.47E+26,48.84414528,85.60121716,-8.175683081,-203.282486,-1.14E+52,-13.50881854,-60.19801889,-11.7298454
114,224.2816123,1.05E+24,1.027733716,-114.6935408,-28.93087488,141.9047326,4.31E+52,-24.09579634,-17.09456439,-43.30380366
115,-77.37586437,6.19E+25,35.5356402,291.6923366,-51.14257227,71.37673751,-1.82E+50,13.56897889,-3.800712539,-98.89626192
116,121.5131862,6.06E+25,-7.127110676,54.61630861,-27.72854116,25.29786453,-3.77E+47,15.10277709,-41.32360599,-103.1968752
117,-235.1782389,-5.11E+25,-3.203772981,303.8796347,-81.73443547,-124.3669478,2.56E+51,23.40093157,-19.62476853,54.969317
118,81.96501969,2.42E+25,60.63648538,231.9790651,57.91354836,20.13188208,-5.32E+47,41.55320542,1.960194403,89.02734289
119,50.85148828,2.19E+25,22.79946959,120.3227587,18.62582329,94.53859068,4.37E+48,-3.321355081,1.477619277,-74.14132698
120,21.14931127,3.62E+25,-83.80728959,-203.8411147,20.10077474,54.59923892,-4.81E+48,-10.7963043,7.069647256,-82.64744233
121,52.74501961,3.66E+24,22.083668,107.6855347,-101.1580351,30.9524822,-4.10E+50,65.70356044,-10.54395873,-12.93633066
122,250.4405104,-6.20E+25,130.6069712,-47.59237712,-0.629514786,-0.799098597,1.61E+45,-16.17623446,15.4676913,-80.2973863
123,20.85308961,-2.71E+24,-3.5713828,-100.0813178,81.26893686,-144.6574759,-4.06E+46,3.936909265,-0.939197495,126.2089316
124,-57.70032511,-6.96E+24,-14.82875808,-62.8227813,-22.99545426,-6.704233095,-4.54E+43,-40.29607551,42.88220447,83.96046155
125,-221.9556738,-1.10E+24,49.73283598,239.5092427,-185.3034359,-2.274255812,1.16E+49,-21.35534699,12.97717643,83.92731585
126,85.48923617,-2.17E+28,66.06307507,220.1051672,124.0652511,-50.88975642,2.20E+48,22.37697728,8.769878143,-47.06451016
127,-109.1647964,-7.83E+28,-7.535983754,223.9272371,-15.98791076,113.1783828,1.23E+48,11.70030725,0.948827475,-50.09828579
128,-223.1650357,-5.45E+26,-110.6470636,19.5768047,-9.123205922,-29.1344368,-6.31E+49,8.794927225,47.4725511,-19.38959452
129,17.04418854,-5.84E+27,-70.50218208,-243.0377381,16.96025163,148.9475158,6.14E+46,26.85358719,10.09852252,40.55883889
130,82.63094721,4.07E+25,43.55297176,-95.07605659,141.8483156,13.92622768,-7.66E+47,-38.02099082,-8.686062577,46.6347122
131,141.6955111,-1.47E+25,-72.81076563,251.7106844,-47.96592522,-21.16483715,1.20E+50,-38.71171552,-61.87126634,59.34397333
132,141.3675818,-1.07E+25,9.407743553,3.462012347,8.17885463,-95.08781348,9.50E+51,-37.59588372,-34.45663735,-70.16914379
133,145.3619775,-4.31E+25,8.660508635,-118.9543604,86.99800213,-160.317851,3.91E+47,-195.5626215,-17.78406214,-49.68787912
134,338.282259,-1.80E+27,56.07089081,79.38316289,-0.996630884,55.30438796,7.15E+46,-13.99690453,110.0329122,65.5546161
135,82.19595822,1.60E+25,-5.243155726,125.2683858,-103.9595168,34.74709517,6.33E+51,9.463533073,37.35734761,10.80360374
136,90.12624367,2.08E+26,91.17748509,-368.7665735,-105.2011233,43.15240005,-1.56E+46,-48.34787672,-20.96925248,-68.76144417
137,-4.046889996,-4.63E+25,-2.981783862,-121.5750202,-17.78623873,16.36621061,-4.29E+46,20.99296296,-20.97890128,-37.51588883
138,-83.99379868,-7.75E+24,-1.030820031,63.41897143,-74.20861782,27.6271602,-1.03E+53,63.0805511,-67.14899503,7.294402332
139,152.6559894,-2.92E+23,-44.46823503,286.456522,69.55483813,-58.03750609,-2.14E+46,-8.726051131,50.78394191,32.27441144
140,-72.62691835,-9.52E+24,-11.95160275,-6.556676103,-63.36937392,55.75917063,-7.14E+46,-6.609009986,106.0300364,-26.37174822
141,-120.1639485,3.19E+24,22.44743749,-48.14032032,-42.59845942,-80.51551126,-4.23E+47,-1.38447546,0.109252386,-48.55663725
142,75.55778781,-1.01E+24,-35.12707743,-35.8801803,30.4814026,89.68584001,-1.47E+47,-3.665698937,70.88851313,26.51260931
143,-287.0837957,1.77E+25,114.2278552,-75.30806187,31.23323576,34.0160518,1.52E+48,-9.092266627,7.70016232,-41.76226253
144,109.0802788,-6.43E+24,6.555035207,233.130236,-7.551558293,-33.49261178,1.62E+49,-5.995896532,-6.971109407,6.764228793
145,-64.07320105,4.53E+26,-2.977223708,95.21080094,32.48218916,17.4185055,-9.23E+48,-7.55243252,66.53925579,-43.5374306
146,63.89563043,-2.91E+25,-14.47049225,-195.696943,-21.5266476,-71.09427801,3.45E+51,25.78911037,-1.484019619,-36.10981734
147,-191.130749,-2.62E+25,5.812902987,131.9382484,-45.19600665,-93.20245872,-2.33E+49,11.27421603,64.88866407,-13.4843624
148,66.08679816,1.27E+27,-57.76506525,57.66615536,-60.97586857,63.2535416,-3.27E+46,4.147950924,90.51653031,-15.46234807
149,107.7550667,-1.64E+27,-99.60741096,-521.3581499,37.6703686,46.86771773,6.58E+47,-31.6758641,60.02709373,75.79305243
150,18.01243192,-3.99E+26,-49.12307993,-73.37312142,31.23493171,60.17119728,-1.41E+48,-21.33444781,-42.39297369,-17.07220693
151,-21.05060952,-2.15E+24,-10.09743909,-102.8576154,145.3578254,47.24662232,2.59E+52,-46.47829626,-10.95143553,-47.25176403
152,70.34439088,-6.39E+26,78.19707159,-193.9231986,-0.637179549,79.44385262,7.68E+49,-4.497073407,-32.78996873,99.63398784
153,30.57789368,2.82E+26,62.05565098,-919.2467694,62.20788876,-85.51757802,-1.88E+46,46.52287027,86.41063249,42.09969115
154,-0.913663185,-2.46E+24,55.86359177,-146.2928867,43.38336602,-153.7929873,3.36E+52,-125.8583646,22.9947687,-137.567685
155,146.9705043,3.04E+26,36.1111665,90.40636514,-227.1774346,34.8621709,1.79E+47,-12.0266224,-26.65870255,-70.0033459
156,101.7990227,1.30E+26,-5.95577282,-43.19885659,-15.15217924,-71.78870775,-1.20E+52,-28.90873196,-23.09270295,-18.8851385
157,239.0639839,-5.77E+22,-41.02756418,67.7898648,-49.17869407,100.1813135,-3.80E+47,-34.3984391,-8.783857866,-41.52118959
158,-298.3356623,-6.64E+26,-6.877020788,-11.34545194,14.5884098,2.942079569,1.19E+48,34.11805906,19.4113733,26.45777834
159,251.1988609,-3.52E+27,-4.258340728,-118.9835782,-74.90256909,93.27381868,-4.88E+49,22.27023851,8.540669696,-53.3329618
160,293.6638464,5.26E+23,-32.90277125,139.2381236,269.6327164,-88.56193769,-1.66E+50,26.57042318,-13.71522547,9.056118543
161,-205.7900011,-6.96E+23,-10.20389804,-60.46093545,-2.903817884,-405.9049775,2.32E+50,-16.47814103,-43.50283301,-44.92305079
162,-128.1085599,9.53E+22,66.42767889,-20.48906539,-52.33401497,117.1502554,1.72E+52,39.82996923,18.76488239,140.9969705
163,140.270507,3.42E+25,-9.517302006,-105.460247,-33.47358954,-6.243794977,-2.88E+48,11.42970498,-66.38617156,32.08726248
164,-48.41544339,2.93E+26,8.786180792,169.9339219,-157.4295105,-48.74363052,-1.37E+50,-49.62189616,30.4966664,-12.15299511
165,120.5859472,7.89E+21,-9.89436308,131.816974,-0.25212795,-70.07503395,-5.90E+51,-0.115847686,18.25822542,-75.41687741
166,-124.8775935,-2.04E+22,49.3324879,-4.019741893,-61.69462082,67.69725523,-4.00E+51,-22.55802131,-43.89109591,15.52973887
167,51.8038695,-4.39E+24,0.7126484,-380.3911225,-4.051867941,100.1131262,-1.07E+49,38.15859511,-28.62381659,-32.99633514
168,210.1161789,-4.70E+27,-36.83121371,-666.2982062,-6.921363694,29.28458518,3.97E+50,21.22032045,-5.088139071,9.168116153
169,-595.6878853,1.14E+26,-13.25399552,-193.6929244,5.208997858,80.28011569,-1.35E+52,-30.10339043,63.28316448,14.30096485
170,59.7096466,7.58E+26,-27.00207031,183.4972166,234.1894046,15.04921645,3.28E+51,-21.09427446,50.93954304,26.06964552
171,-273.7710292,-2.97E+25,1.36377386,243.8551578,113.0814977,18.01567894,1.77E+50,-55.10785554,-53.932886,10.68120063
172,15.97911147,-4.75E+25,42.86736761,-100.9312727,-11.89379995,-60.86980187,1.13E+46,-15.35841682,99.77253281,-0.351959548
173,-54.09180651,2.43E+26,-26.49884279,51.57529351,92.20899371,-40.27835497,7.11E+50,-29.90559207,38.65742698,-78.08417624
174,72.11147783,1.62E+25,21.37373905,-1466.614399,-162.6513337,-69.17013453,-1.75E+49,-11.42204186,14.4578618,56.66509369
175,143.9790876,-1.69E+25,-46.45564638,-238.3418921,70.29273825,111.9946196,4.57E+52,-11.53481827,-27.52768277,-32.74254231
176,69.73016073,2.31E+22,31.31257568,95.53331155,-7.361073422,66.25555544,-9.60E+49,12.43434406,60.60175555,-7.377716008
177,17.620457,3.99E+21,-13.26165885,113.0834983,-81.81021976,-89.53394029,-1.49E+51,-21.62086116,-23.56579476,-13.804125
178,273.8737388,-5.85E+26,10.73684011,702.9240937,-37.80425352,14.22010764,-4.19E+53,-5.838916954,-22.35390826,29.96023391
179,44.3905669,-6.23E+27,101.4344911,-598.7477288,223.839024,-78.65726938,1.17E+53,41.6684086,-27.72863556,-29.20544533
180,-437.104613,8.35E+24,103.0014861,10.91148974,-28.60850602,-81.38564506,1.72E+50,-8.050077494,-97.12297369,32.3901653
181,132.5560096,-1.22E+24,-58.39728234,-38.02158614,-1.538514074,-27.51782511,1.47E+50,-11.90346105,29.97973799,10.56631239
182,-12.63252925,-2.58E+24,8.461819975,181.8600733,-38.44794191,11.24651061,-2.45E+48,51.2440669,60.92112197,-20.12777201
183,47.8320117,-1.29E+21,6.20190893,68.46712048,12.10198686,-25.06299807,-2.88E+50,8.36671681,-23.64898396,-31.25902259
184,-4.046892963,-1.34E+25,81.29818396,-39.01221713,57.83662143,-91.15132647,-2.33E+48,-22.24588846,-93.72897777,85.40431777
185,-99.51033378,3.03E+27,-52.05370281,151.7973323,-57.23796682,10.24022301,-1.09E+51,8.034640702,26.90069857,-17.4840325
186,-146.7849474,-8.21E+24,4.431421228,70.21481178,-172.1134548,-73.22223156,1.34E+50,-38.4890066,-11.37034919,-1.090605163
187,13.02913156,-4.16E+25,-22.65901159,-245.9675089,-98.19210686,75.64939497,-1.07E+46,20.77624213,45.11001148,23.39424354
188,113.8237661,1.05E+25,-91.05575818,49.26054271,-38.07247052,-58.694512,2.62E+48,-20.0202545,16.01529044,-41.85585508
189,-39.81594634,3.48E+23,-133.4623491,248.8855737,16.1484315,27.68806924,1.66E+49,29.26163186,17.85884195,-57.22574017
190,-67.89937535,2.51E+26,-66.96900922,-86.45193333,-42.77858779,32.70813646,1.33E+50,-73.08135384,47.23847147,4.738822336
191,-246.2756528,-1.97E+23,44.94354395,273.1284382,-33.83906656,12.7879909,-1.52E+51,-33.46668192,61.19097759,24.43007673
192,-257.5118645,-2.66E+26,-20.891452,15.49110599,86.96468597,-99.8296786,1.62E+47,-35.69807903,29.1172212,-37.52108316
193,-636.6645931,-1.07E+25,35.22549424,-236.197209,-32.46526439,2.887144147,-1.85E+44,6.317259548,21.52624912,64.45130599
194,4.132001822,1.06E+25,51.43562132,-101.873282,95.01956066,-120.2789253,-3.99E+48,-3.77242086,-14.08676989,-18.45030101
195,-388.3492307,1.25E+27,12.38696059,-37.91228142,-52.0986842,36.12773601,1.89E+50,-12.62730477,-11.83365944,-123.6528017
196,-53.14548835,1.10E+27,-38.3224466,20.05351737,-89.9478575,-53.24788768,-1.55E+47,-13.11303086,-39.90656228,14.92315149
197,294.5887632,-1.69E+23,-55.40338866,-216.187231,127.58757,85.73266885,1.56E+47,-13.06747868,80.67322198,-16.61362307
198,75.17041219,-7.98E+24,13.060367,-153.2738978,-80.36612715,75.17265984,-6.84E+50,4.181188402,22.50565792,-26.24086646
199,-48.08165268,-2.76E+24,17.6175031,-198.2277826,-131.0885918,-14.1944033,-7.76E+47,-18.14586032,-95.19965011,34.15461477
200,-170.2457501,-5.97E+26,5.150558517,-77.5926524,-1.793433501,-114.2916552,5.56E+51,-4.467309474,-20.1454824,39.9799013
201,-217.9997826,2.56E+26,20.66117656,-41.37832783,-51.83175724,-121.5929435,4.90E+47,15.22025721,88.89795849,-30.3285479
202,-117.850727,3.73E+22,53.5527273,-1273.69061,30.63527923,-4.70820866,1.40E+53,42.04774396,-45.4540322,-24.44576479
203,-90.34263678,-1.08E+25,-7.034656023,35.6653642,-88.84943073,-30.96663008,7.31E+46,-18.57936768,36.74729661,-12.72794488
204,-164.5656812,-8.59E+26,67.2651458,13.08251946,-77.89329545,-87.3805085,4.16E+46,-10.07736307,-3.690398721,19.47366202
205,-51.17716163,6.80E+25,25.21472262,114.7395178,-20.7719677,-12.96078517,-1.61E+50,5.352540522,28.8681862,-18.60469283
206,-54.81374146,-2.20E+23,-7.044521219,-36.33704106,-46.67816396,-55.88103389,-2.26E+48,-6.523530173,0.099572065,92.67488118
207,278.8485259,-2.06E+23,-19.91334072,139.3170076,-95.01902904,77.89709207,-5.83E+50,21.4597779,25.77131939,23.54326034
208,-148.7871449,-1.48E+24,-0.763481321,46.46201549,-201.4986881,18.23129439,-1.47E+48,-9.657637863,-32.34780911,-65.77344077
209,-224.7460397,4.89E+22,-99.84487546,335.5502099,-80.27821237,-125.0894806,-3.90E+48,-32.78703879,-30.79632916,-19.79043555
210,-147.3756145,8.39E+25,12.49877557,-145.8700164,-66.11937073,1.967785556,1.93E+50,-55.31912356,69.20802362,2.131729001
211,-177.7826137,6.24E+25,-26.95950791,-26.2615706,17.31490958,-25.06670385,9.47E+49,18.30522359,6.175360929,50.83374491
212,-383.2334641,6.51E+24,24.24299681,-814.786892,-10.59576441,-64.82209576,-4.10E+48,-29.37953101,8.415083948,10.27366511
213,-428.8869676,4.40E+24,20.60044436,-57.85865733,71.38407745,37.05185908,-1.90E+52,51.72855824,7.012416841,3.800239824
214,3.364793973,-5.10E+25,-60.56754773,-107.6652831,-77.39587608,-87.36827215,-1.99E+49,30.69639121,-37.66644736,36.20648998
215,-31.48315461,-2.37E+25,80.81004392,-248.3100562,-95.06684732,-59.80751529,9.64E+46,-31.32898459,-38.69614318,-63.0889551
216,58.53763647,-8.45E+24,-87.96420092,228.5493917,117.9046684,92.89527818,1.10E+47,31.38615429,-107.1195378,14.11230866
217,-66.09449998,2.44E+25,-37.00994334,-54.58732047,-76.48304198,-36.13256199,-2.74E+50,-13.90987065,47.03987051,28.35627214
218,-35.24748049,-5.23E+25,-36.90895539,-119.468689,12.49228077,98.7909085,7.80E+51,-6.0290754,33.09375625,-51.15526289
219,136.5893215,-2.69E+27,27.5385749,348.2107925,152.869056,-26.67614461,-1.98E+50,-6.304586245,23.82859984,0.410144426
220,-76.49292186,-3.73E+26,-7.165534216,-39.08467112,-192.7307877,-115.7029889,4.82E+51,-37.84752515,63.33586304,-130.9294036
221,-8.05219016,-9.83E+25,39.80971554,236.0570608,-43.39149393,57.77912707,-1.63E+48,3.745726888,33.3884628,92.08513359
222,-23.5874838,-2.15E+28,-43.61940634,54.63572885,-41.55307478,24.67234757,1.48E+48,-21.105132,-3.520479253,33.33228644
223,-14.1931873,-2.53E+25,-88.15954013,-151.9516682,-131.7841209,-114.1181503,-1.40E+49,-1.154077133,-27.05152889,14.74259229
224,-17.15312321,-9.41E+23,32.86837778,-16.88995205,-157.4015551,-126.0242029,7.26E+46,-13.24538591,-40.27637148,-34.17152987
225,59.8009354,-3.53E+26,47.12766531,192.6540695,-61.71155741,85.19356338,1.29E+50,-24.69575598,15.80560013,41.26945497
226,152.4629177,1.63E+26,-10.81101644,-154.1675058,-202.5523101,-96.10832206,-2.16E+47,-5.318314916,-81.92815432,113.5989516
227,-49.91569871,6.38E+25,56.93835038,183.0250656,-123.1975984,39.04685449,-4.85E+52,5.19218474,11.75560275,-18.0111665
228,-49.14649313,1.36E+26,7.510669153,21.60488977,-38.65341914,-95.10782534,-1.28E+48,44.4128686,-70.81048531,-59.76290704
229,-502.7952429,-1.27E+24,-67.08698509,213.7052554,1.810560119,-98.11055991,-3.73E+52,34.25718219,35.3637405,-41.7578356
230,-417.2084981,-3.99E+25,-62.891483,106.9903936,-85.70478165,7.978427963,-1.38E+46,-15.55658311,30.92935049,27.55770839
231,-307.7875592,3.81E+25,-42.25576025,194.2604849,24.06220117,-136.1645854,1.83E+47,13.32269779,-30.35767086,-45.85962222
232,-611.4819407,1.73E+25,45.00130166,-31.23393746,62.57098928,-85.08511225,-4.14E+48,0.118956146,-31.08978356,-7.47960895
233,-128.7296568,-9.84E+26,1.890901269,-16.24648429,-60.04780335,113.2467414,-2.59E+47,-17.89053514,21.11373357,-18.14231973
234,-148.9275081,-5.81E+25,-2.72817158,-95.87178942,98.39532004,-53.49769647,-3.40E+50,27.35192736,-31.94974253,18.01516154
235,0.296235453,4.13E+25,23.1915709,102.0065659,-62.66836994,-66.95460039,5.90E+49,28.04936244,16.70572849,-69.38313364
236,45.98570361,-5.31E+26,-77.49988341,19.54864764,-155.1669132,18.63636176,-5.38E+47,-48.84062018,-5.910889375,-50.04718824
237,-131.1843916,3.40E+26,45.61642447,-216.9446557,46.05699461,-66.8814144,-2.12E+52,-22.69070962,23.22860281,39.40768543
238,225.2725301,9.51E+23,-42.27310087,161.4442884,18.36036408,13.77574569,4.59E+48,27.73086531,-82.91889741,66.73549178
239,-87.76916238,-1.88E+26,16.97963544,39.85077172,-123.5732514,-84.22980728,9.59E+49,-9.559031616,-22.48426891,-59.81907478
240,0.544627718,-8.59E+24,-83.47110679,43.16765648,-30.28663399,-3.471939183,-6.65E+47,-9.46693139,53.47768527,21.4790577
241,256.3644914,-4.19E+26,-36.38980621,-54.16365611,33.58832166,86.34051411,-1.61E+52,-59.94690812,-12.91035978,-54.77680529
242,-81.32931855,-3.71E+24,25.17647445,200.4074753,-102.9984149,-15.37727531,1.33E+49,-18.44124997,-77.16145212,-28.55842276
243,66.16797742,2.41E+26,50.72063668,405.3612442,24.80385083,89.04204916,1.64E+49,-44.73310021,20.10011708,45.79682446
244,231.7975744,1.44E+26,25.00156815,-196.2885691,93.73446373,-84.30469618,1.26E+51,-63.91537339,75.05871949,-15.42418055
245,-112.1349113,6.11E+25,-28.67014316,156.717138,-32.04447855,9.369929928,-3.32E+45,28.32505622,-32.67668017,41.62453971
246,152.9661484,-1.31E+26,-47.14615342,279.5995464,-19.32523652,-128.28172,4.65E+50,-29.97180754,-10.97058685,47.91416706
247,-415.5253265,-1.55E+25,-18.29282834,-69.76580915,91.31950101,171.8675731,-4.07E+46,-27.94508175,-54.43439584,-31.45887261
248,-29.52732981,1.51E+26,-15.32342027,44.10359452,82.81063986,-102.1642429,-6.28E+48,60.36800757,27.24584581,13.62001855
249,121.3841005,1.41E+26,19.19127563,168.9589553,144.4751119,-194.8813794,-5.80E+49,4.117459223,48.45871672,75.91621047
250,-108.1090905,-7.97E+25,-13.52964061,100.4824223,-38.40823437,-115.7491083,-2.31E+46,28.37888811,-24.93524874,-35.14030473
251,-247.1601443,-3.00E+27,29.07339346,191.8403464,95.48676582,46.57599655,-2.22E+49,-21.24075419,-25.30172768,46.79311652
252,-151.0183451,-1.80E+26,-22.72036281,-233.4286791,43.86197886,19.59729578,-1.83E+50,19.07558718,8.389892448,-15.15050363
253,-144.1445864,-7.66E+25,-17.54080964,-20.86079394,61.81381612,-26.91045643,5.87E+51,21.75378209,-2.157612525,-45.88003989
254,-187.6053477,-4.26E+24,-1.439162749,-18.78147738,-106.3378162,52.16362267,2.55E+49,-6.474405916,-23.09807992,15.92405492
255,-196.0457154,-8.18E+27,24.37570113,63.07599086,-42.19083315,15.38877009,7.60E+48,-31.68237248,-3.137066474,8.248142517
256,-230.24377,-7.45E+24,-68.62552286,-290.9855005,117.9004464,12.21508947,1.00E+50,-51.20905227,-37.94945509,-63.00411557
257,134.4186325,1.94E+25,-81.44400032,-83.10053604,-52.30062381,27.3811072,6.19E+49,-11.66353225,88.79581902,-25.7919994
258,-27.90119862,3.37E+26,30.3683195,-186.3494021,-105.0396278,-3.751000044,-8.16E+51,8.625706537,10.50182055,58.72064762
259,33.59970004,-8.46E+21,-48.6039209,31.01918254,30.93023991,-136.4483673,-9.07E+50,17.31270512,-50.15613527,28.11663925
260,-33.95481519,-7.25E+23,7.056881372,-90.66169273,-33.82181759,78.01349312,-4.01E+53,0.546084842,-2.662008137,-19.88395895
261,62.39044589,3.29E+24,-8.496273133,9.734296432,117.5886008,-306.9463605,1.21E+48,-23.16994635,-4.317239865,-25.57119029
262,-81.46224247,-4.17E+27,23.28836584,142.4022533,129.1062196,-117.2966519,6.18E+51,-36.09615458,17.68896247,-71.75404914
263,-99.36849095,2.11E+26,-31.05843008,-268.3751083,-42.11158428,-461.5128736,-5.37E+47,-2.220061672,-124.2160999,134.9401749
264,76.57976737,-7.95E+25,51.15956438,171.7669241,-25.41943931,62.28584935,6.68E+47,-9.62005582,2.893243904,-49.022599
265,210.698487,2.45E+24,-18.09768472,50.81861985,-18.02973489,50.16947581,4.93E+50,-41.14353458,85.36988398,-56.93032076
266,154.846579,2.13E+26,70.59069542,109.1016233,-4.782584116,-51.37009693,-1.30E+53,22.8957705,-1.717231054,0.292662172
267,203.5705556,-2.60E+25,37.6214102,-27.93808445,-124.0812358,59.77413206,1.93E+48,9.554456762,-43.22221419,-64.28183505
268,75.00495968,-8.10E+24,-85.96982067,-168.2420578,-126.6934748,-14.90272478,-1.62E+53,38.72264711,-17.63057915,-28.15211694
269,9.774920726,2.47E+26,-20.24573276,-190.6381035,13.98375672,-206.6077078,7.03E+49,-7.753085541,58.86368003,114.1381843
270,-152.2456924,-7.98E+24,22.75237122,-75.47858696,77.20466375,-93.12300351,-1.01E+47,-0.071225701,0.1634903,105.6214113
271,76.23852957,-6.82E+26,-80.16093176,19.3975058,-96.74344479,145.2299212,-3.01E+50,8.064239306,-55.09578669,-70.77237489
272,420.303187,-6.12E+25,-28.83890805,-47.25502354,82.25856276,-30.42274896,-7.26E+45,37.7347191,-69.80406281,-39.47891467
273,36.28662134,-8.59E+25,30.48136731,54.30523403,8.991417778,1.010773253,-1.17E+49,31.67063405,17.91583779,-63.08370444
274,-17.35104053,-1.45E+23,11.57481383,500.5043886,-53.97132624,103.4274839,-7.64E+46,-14.709358,11.33004336,-70.48011908
275,116.8319684,-4.44E+23,-37.21109899,-202.1453785,48.97842698,-4.684356006,-1.87E+50,-1.34710085,-29.68287611,-43.59672413
276,102.7308553,-1.89E+26,107.4507712,-71.57191721,6.802090983,-11.85999478,2.84E+47,11.17010118,10.98714228,-209.2742692
277,230.3829952,1.16E+25,-77.77800897,-57.42776845,-69.36858653,31.74921346,-5.78E+51,-24.54322976,-114.41427,43.74978692
278,89.58470583,4.67E+25,61.4632049,-3.162594425,-32.94946233,123.6572442,3.12E+48,-15.47289093,-13.55499533,-70.58618475
279,93.56517675,1.37E+26,50.98648243,115.3123909,-119.9330784,-170.2491156,3.05E+51,27.20128683,14.46731531,-8.038434596
280,-26.37954148,2.22E+23,8.416777254,-39.29861088,169.4831132,-52.25442564,2.36E+52,-34.13996231,-24.74426646,38.59084503
281,176.8914402,3.50E+24,-4.355750195,-133.9896996,107.2830639,106.5226614,-2.34E+49,4.697797462,23.74436338,0.993364489
282,193.8197058,2.41E+23,-49.91146013,-31.67885344,-47.94039272,-53.72116373,-1.86E+48,35.87557334,37.55176401,-66.56536281
283,139.8008536,-7.24E+25,-65.44680136,-92.15687493,65.92555872,70.37454311,-2.59E+49,3.456153093,67.92788486,59.89391972
284,-402.0112158,-1.67E+23,64.11993839,-103.2477832,-65.41967604,-33.63568569,3.04E+52,-52.95425291,-99.31920219,-23.53982448
285,-5.490896629,-7.82E+24,-80.56829224,-176.0625097,137.8172978,134.9211238,-3.73E+49,-28.02161916,-51.32858596,12.94776613
286,152.8264804,-1.91E+22,-8.968203698,-186.9919178,-69.54836488,-104.6386152,-2.16E+49,-62.62027936,-27.22722564,-7.430889556
287,-238.5536739,-5.58E+24,-40.89675871,46.6880443,45.3062197,54.87262047,1.85E+48,-17.44612157,35.64800235,-21.70461093
288,118.816703,-6.28E+22,-7.029774379,-264.5987622,112.5633516,-82.48584361,-6.26E+52,21.15600819,40.73403018,-85.39677338
289,-68.09137636,4.37E+23,-18.95652983,-112.2014942,-97.43960568,-307.8071676,3.10E+48,-10.63005223,44.71509108,91.05876144
290,-108.5341444,-6.49E+26,-1.941298622,-193.7967596,89.18463623,-282.1331824,1.23E+47,48.56781371,-15.25607829,23.46021384
291,-6.15990533,-3.66E+23,-54.8996338,-271.3783417,14.53851169,13.01625514,2.99E+47,29.52419406,-8.794735059,-119.814995
292,129.001248,1.10E+25,32.79698664,78.8399837,31.28034178,-135.6454779,-5.72E+46,18.94722689,-36.96017236,-50.46270859
293,-227.1941708,-4.58E+25,16.31690658,124.7521384,-87.5746192,-76.30276462,-5.33E+50,-28.79843391,-65.22866959,-96.27623426
294,46.39351046,-3.72E+27,11.57232872,-129.4937792,-101.7258206,58.33513642,-8.11E+51,0.304514098,-57.91715155,-25.67351728
295,-242.6816318,-6.30E+27,57.04255793,-79.71453015,-94.27321576,45.27634427,7.77E+50,-38.00438205,-42.31143362,-84.93503423
296,-480.1055313,3.42E+25,16.14107591,-93.42505499,-42.0507751,38.12324393,1.81E+47,7.683561303,21.56175114,73.89628288
297,23.9337206,1.03E+24,-5.818312273,-189.106199,-23.41746391,-24.04282951,-5.60E+46,2.469844599,-73.05979839,-67.14389765
298,-191.7412563,1.92E+25,-81.08801312,181.6745647,-77.60464367,128.8088174,-7.87E+44,-37.3062488,-2.98693498,-50.88188209
299,61.096462,-9.92E+24,133.3453195,-94.86973231,63.39541455,-25.08624037,-1.11E+51,-21.99965703,42.90133238,35.95149709
300,-101.1550494,1.27E+24,56.82572306,-150.6813088,-102.8412843,81.11931381,-3.18E+50,-25.4440395,-15.5044891,-50.34840125
301,-68.55376403,-7.46E+26,-27.1322147,383.0124779,8.25089975,-29.25809599,-1.04E+46,55.86446881,21.55986346,-9.178725983
302,-29.078433,-3.29E+27,0.185080179,-61.78583362,-5.680023468,100.65678,2.35E+48,28.03050535,-43.77366614,6.23217767
303,-239.3748513,-2.09E+26,73.51202426,-60.2184584,119.344319,8.00976753,5.41E+51,-68.83782229,-49.9661738,-94.59355079
304,158.8875066,4.80E+24,-94.02820782,29.15996181,-18.08157826,78.75516485,-1.86E+46,-18.16239122,-43.39418474,39.93646003
305,42.74459492,2.25E+25,61.36905077,-899.9836891,73.71448966,-0.378645004,3.01E+52,27.3391918,24.19308006,-130.4784597
306,52.12909238,1.68E+24,-46.56635513,10.64898857,121.0336177,144.0679194,2.81E+49,25.89414054,-29.93529829,42.29914646
307,3.677666881,-4.02E+27,48.56759265,89.49409092,-8.905954096,-112.8678933,-1.32E+49,15.64202569,-18.94148108,-22.35553106
308,90.6448885,-6.95E+24,-34.04973348,-129.6083883,-107.2282698,78.90178476,-9.66E+49,-5.727200662,15.12399125,-96.26591691
309,49.69420376,1.01E+25,-86.06808409,145.7334495,-80.7288512,-40.59462991,-4.24E+48,-0.32459384,84.24063459,81.67879817
310,80.75912888,4.56E+26,61.91786837,-147.7117318,-42.90740227,-184.0175271,-6.28E+49,-1.564241738,-52.49527686,-57.69535169
311,-97.96504498,-1.59E+24,-200.4501708,-611.9584394,-33.98398735,55.83716412,-2.37E+50,-19.38635147,35.01607321,-36.34294928
312,20.21259076,-3.90E+23,34.82079373,242.601013,20.67187993,-125.8610092,-6.49E+50,24.36592526,-51.35321118,-17.87786533
313,212.2835406,3.17E+21,-23.02639038,-205.8711517,4.949788338,-108.1845368,-3.41E+48,34.3443189,-73.43752845,-13.13503503
314,221.3893382,3.59E+24,11.52849942,-53.21149332,104.5949347,101.3248038,4.18E+51,-38.37588767,-181.1424266,-56.92611371
315,169.1153859,-2.73E+28,93.52042929,160.0736287,-81.84209016,92.90152656,6.72E+48,-29.62558618,37.86312376,-9.084880515
316,29.62320014,3.80E+25,47.04911934,149.0489729,-86.44426466,-620.248257,-1.42E+48,0.132003413,-44.83837359,-92.15429916
317,-53.62281634,-3.44E+24,-71.28655457,-156.4126692,34.85774025,70.72601604,1.12E+48,-20.55273078,-2.42160348,-90.97835185
318,-139.1580495,2.20E+26,-76.04088237,193.0703295,41.26014361,-21.62412876,7.38E+47,-78.57851004,-39.06352152,22.04267729
319,166.4016169,-3.52E+25,10.07079754,218.8532546,-96.62122925,42.8476327,-1.09E+51,14.36413544,67.59283807,19.3006633
320,-69.11344893,-3.85E+25,-120.2598738,-149.9637661,40.11106598,-29.60508058,-7.36E+50,17.52021166,17.70920832,-27.29436713
321,-209.2829025,5.40E+22,44.03781964,-26.24703636,60.41168494,-190.422551,4.09E+51,-12.66970464,58.76501023,-14.77194765
322,269.5377887,-7.12E+28,72.84656618,-104.43262,55.49605076,109.0986844,-3.63E+50,15.37841648,-14.23421053,-19.44660356
323,-221.1599588,2.17E+25,-5.571631028,-377.8776805,-3.627426292,-59.22167513,1.55E+50,4.469815163,32.14817711,-40.78998515
324,-175.7332849,-4.51E+24,11.27661619,-47.70447716,-55.86183929,142.7515097,1.73E+50,-12.53888296,119.2281029,76.62037726
325,35.81009321,-4.42E+25,-61.59815747,-246.4117214,-19.36786824,140.2497356,-2.85E+53,-33.62034449,57.57540795,-65.39983946
326,-241.0584281,-1.06E+27,-69.98901483,224.7304468,-154.0338148,42.00569764,-2.27E+52,-20.85826902,2.696067263,-65.02823762
327,36.41969276,-4.18E+27,8.946684766,189.9918892,-2.681418936,264.9798055,-1.03E+49,37.30845908,48.70101918,-71.7939305
328,36.54160718,-2.81E+25,88.16451396,-89.86623229,3.364133663,-36.73551823,-3.00E+48,2.127455185,92.24597845,-34.54388487
329,189.0434413,-4.59E+23,-76.37008988,127.788107,57.50372222,-50.86324728,-1.68E+50,-29.1115625,-27.92533115,5.09369598
330,117.6474231,-6.38E+22,10.96286686,-105.0785417,-74.712552,-206.3921767,-4.23E+46,-14.16982672,18.97263925,-42.04264438
331,341.2037643,-5.46E+24,-27.99297641,-92.72574315,-174.0428164,-206.6525134,-5.98E+49,22.44209037,-101.4437811,17.67211
332,174.5779447,3.37E+25,0.985107125,-149.1136911,53.43826554,-3.564452504,4.43E+47,1.829792406,85.74295688,-20.83478671
333,-179.1993573,-3.39E+24,20.94885281,-6.497281096,-116.7111242,101.0226621,-1.87E+50,-16.4652945,-21.32739191,-26.35899533
334,471.3827425,4.93E+25,18.19223914,-116.2457116,-21.46470028,-72.71881751,-4.52E+50,23.85790103,-21.61272742,-83.22322239
335,-133.4510692,2.37E+26,-14.46262546,17.35982454,-84.94477322,-54.90530297,-7.95E+49,-5.43252387,11.93437952,23.63699506
336,-17.83549167,5.50E+23,-22.90167471,-289.8839681,19.79170866,159.489731,-8.12E+46,-2.866882449,55.54630312,172.2381015
337,-108.819882,-6.36E+25,38.07531027,-26.98617123,-38.57534586,-193.1094988,2.36E+50,-6.616203627,-96.23736037,-81.51439605
338,-7.88788097,-2.88E+26,-67.28868584,-108.1129632,90.99217817,-202.6789657,-3.16E+49,-5.262235954,-10.27317205,-67.72604451
339,295.0895315,-5.62E+24,23.69093108,-586.4312925,124.4422694,-11.98132274,6.41E+50,4.817925722,-5.365292578,35.05430358
340,-131.0197368,-1.17E+28,-87.40821149,547.4441272,45.4326235,92.88777402,1.59E+52,-9.996980826,-69.63689674,45.26144162
341,-19.92929643,-4.66E+25,-13.50842082,-42.75743453,-21.41897585,145.7936801,3.99E+46,-67.17200687,21.50788299,70.71635077
342,-91.74876675,4.01E+24,28.46687852,354.5603155,83.31813553,-88.06059889,8.77E+49,16.31397379,-37.55884873,-51.56821204
343,-62.82556352,-1.26E+25,-12.20630129,38.03895843,-7.759789219,49.55353907,-4.42E+48,-38.60937915,-110.9704746,56.70018697
344,-71.53708096,8.74E+23,-69.97973206,62.19631187,101.136271,114.2982672,2.41E+46,-1.047106007,46.94073859,-6.395908719
345,-157.136017,5.05E+24,-53.81990202,-173.460762,-84.55691264,-44.77338249,2.04E+53,40.66983037,7.661866795,61.76414833
346,-99.99911815,-6.38E+26,14.94145635,-60.45478674,60.73428458,111.8964909,-2.04E+47,-27.61509146,-11.66865496,-50.17107139
347,-210.0243764,1.20E+24,-46.76247401,-35.58225029,7.29433333,73.12619905,3.05E+48,-39.2886795,-1.34307477,56.49531819
348,73.72405664,-1.83E+23,-98.33967143,33.66554621,172.9912193,-76.66024924,9.90E+49,-4.798014571,13.5045101,-155.5901685
349,-176.3502401,8.84E+26,-8.23612148,-81.5088889,-30.59691032,-87.12687691,-1.46E+50,-65.07535728,28.99581461,23.11976862
350,73.59264205,6.04E+24,-71.83056139,-33.45516905,22.9467154,-102.1312993,1.18E+52,-7.263509658,19.05424594,-31.39333064
351,-107.0503443,-1.07E+25,-37.87883628,17.0625447,28.66931183,-101.4879822,-4.55E+45,-26.57063929,-45.08155764,-34.50273933
352,-49.54340356,-8.85E+26,-84.18491316,209.560503,64.45450928,-267.0690299,5.37E+51,18.73866231,28.62353152,31.43799871
353,-453.2411548,2.72E+25,18.54551149,220.2328996,-59.95132859,29.49655357,-8.55E+48,-56.44334047,-24.25259214,28.79764269
354,83.8409692,-5.68E+23,-8.645599806,-183.9034766,-45.03545575,52.40371762,-2.37E+48,-18.57889478,-38.11749119,-14.38119328
355,-171.0304201,-2.95E+25,-61.04441624,129.542456,90.50611213,-68.85646655,-5.92E+47,15.88948694,-50.14750514,-143.4902916
356,19.34720363,9.03E+24,58.39184882,-38.24227194,-43.55075695,32.95651034,-7.90E+49,-0.459135399,58.73551194,4.375593084
357,132.6456676,-7.04E+25,-8.321213749,102.6147123,61.39625434,-2.968518879,-1.49E+45,8.754080154,18.00313131,15.24898412
358,87.67102633,-1.41E+26,-56.0330219,44.84081445,110.8595204,-39.9857934,-1.38E+50,-32.17166705,-20.59841945,-56.48156809
359,-33.27584838,2.13E+23,-51.31463329,-10.73349206,21.37444904,66.00327972,-5.70E+50,38.30325706,-81.01378611,-12.54585955
360,-155.1945373,-2.33E+25,50.19324368,696.1840504,15.04470566,49.73750642,1.01E+48,34.12823929,-44.31473799,96.22429158
361,-81.9743982,1.47E+26,-53.55951278,321.419541,-30.20590975,33.98537702,1.05E+50,11.5908482,-138.2366916,-21.74813526
362,-119.6668353,9.77E+25,-44.21193124,-8.899554189,-124.3459448,126.0383606,4.29E+48,4.894896116,-21.8249249,79.28896311
363,7.043749918,-1.90E+24,60.89653361,151.6412551,181.7946023,80.73614306,-2.54E+53,-12.95362804,-35.19328328,-100.9516961
364,77.90804389,5.54E+26,25.74407326,639.5055288,-14.58135793,-111.8815719,-3.33E+52,-0.385897499,-29.22482673,-1.943035037
365,-196.0867161,3.60E+27,-35.3251607,7.937794569,23.64911122,51.7205607,-7.98E+49,24.44779596,-28.7725291,-36.9478629
366,-1.290388371,-6.38E+24,-53.67207825,-197.245946,-11.91609633,-17.05765976,8.88E+48,12.12786184,41.10363412,37.24903328
367,-61.83305798,-1.06E+26,-34.81353859,-573.9371351,-53.0908815,-43.10318897,3.66E+49,17.67948262,51.94113695,-139.1475434
368,-86.99308836,3.35E+25,-27.88715627,361.5058962,-28.88043518,7.955291256,2.04E+53,64.68445775,8.988809599,48.09638759
369,5.828529875,9.89E+24,-56.65380833,683.2800336,-81.07738014,-16.29010344,1.44E+50,-57.87176202,102.7780494,44.50616292
370,38.27325744,-3.56E+26,-14.47437108,-8.401267859,-71.36903208,-145.5987308,1.62E+49,-60.22716186,10.47891771,5.096795938
371,-224.2187069,4.71E+24,-199.4229037,-26.82578065,-50.55372974,77.98947993,-1.15E+49,-8.233423336,45.86023024,9.374060771
372,-3.479065141,1.91E+25,-57.65213976,58.52893663,-161.4425918,86.46468142,-1.86E+47,18.93768331,40.094714,64.01594842
373,310.3840306,6.07E+27,-4.137228623,-60.29159625,-96.11891894,104.2370326,5.40E+49,67.31737461,16.89673517,-75.67090549
374,67.50258174,8.66E+23,102.1090426,215.5284836,118.0877686,130.551194,-1.35E+51,-39.67530122,-251.5022655,39.53445852
375,-61.1458288,-6.03E+21,-48.10492255,392.0484179,47.23168146,7.99900406,-2.30E+49,-37.24782906,-58.48795058,34.52708526
376,188.1978577,2.43E+28,76.95096396,-220.3652244,-15.89017432,56.99675738,-2.25E+48,-61.89631191,-78.72101479,10.44578342
377,-182.1995387,-1.24E+25,3.962210127,36.32133888,116.3530631,-133.3815276,-1.20E+53,-53.40296449,21.00427709,-64.01567656
378,28.74072771,-9.35E+25,-42.92723809,-201.7196745,62.72803805,-7.657573333,-1.42E+53,52.13080339,45.40333285,-12.20288432
379,64.59965429,-1.56E+26,23.94479629,26.0785348,23.54174947,75.11026981,-9.85E+51,18.2131045,-12.12189779,-52.47587063
380,72.28831015,8.45E+25,33.42748869,94.20279512,-18.00076106,137.797771,5.15E+45,-38.11448591,-71.70121821,-62.98831648
381,-161.3348622,5.33E+25,-1.885497157,-2.720615653,-96.54359462,-70.48486393,-2.64E+49,-22.37075731,-51.93710098,-16.954411
382,150.7660857,-5.73E+27,31.29879872,-31.47855279,-29.5483185,-44.30530774,1.40E+52,30.09993503,10.46316129,-80.15539413
383,-20.27218473,-1.18E+25,310.1079662,-50.40252171,-115.0233663,-8.779990232,5.59E+52,-109.3031443,-28.14961589,-48.3190472
384,274.1059148,-4.75E+25,-56.49610986,247.1219948,145.5992686,-101.6393434,-5.75E+46,6.461433647,12.81854245,-32.75331517
385,311.0920232,1.05E+27,61.81149377,57.58051838,-17.42788731,23.63954906,1.75E+50,-106.0527905,-19.89023753,-53.73069576
386,-26.82167413,-1.13E+24,37.19306376,-152.0879695,143.0826145,86.69878485,-1.12E+49,-17.68604534,-7.759991971,31.19177237
387,-207.4300135,1.15E+24,-105.1559532,-167.6367226,35.98612167,-14.65774216,2.13E+49,48.37995171,42.00520935,-50.13445789
388,-70.59818914,-1.52E+22,-37.38031427,277.8462758,-78.2962655,-19.78584711,2.00E+50,35.69727501,7.755026646,-16.39757568
389,20.35231031,-2.21E+28,-58.62819091,-89.87787289,-62.57237196,112.8731026,8.23E+52,-0.448173735,-42.12627643,-0.947224013
390,100.2818715,1.54E+25,15.83003455,-29.40988036,-93.63314877,-11.52730758,4.71E+48,14.14442445,21.48133071,-78.23360424
391,-101.9391885,-7.86E+26,91.27167351,16.13493624,60.75594899,-117.8057823,9.06E+52,1.256820134,5.473414629,65.50081337
392,-140.4090177,-2.99E+26,-12.33184251,271.0991502,-81.49149935,-24.94554441,-1.09E+54,25.23353345,-5.834687951,24.69535184
393,46.02834741,1.51E+26,84.22113713,85.86590467,6.515680408,-121.7655978,1.49E+53,-27.50880825,8.694920216,-28.14973574
394,311.0487822,-4.41E+26,-73.16799342,-158.6045261,17.54876669,117.2959991,-8.73E+50,23.02420614,8.531218215,150.6671358
395,72.12718299,8.20E+26,-61.50985163,-593.7230136,39.16353002,-17.16749455,-1.28E+50,-31.43478124,-48.78455082,-10.22257978
396,-229.1567342,6.77E+25,-14.46789532,-202.3125119,-24.85175928,27.59361439,2.18E+50,-24.45500945,13.20499849,56.34492279
397,-129.0495756,-1.03E+26,-12.61591835,103.1120013,-4.642654553,65.36573536,1.55E+47,-9.033207681,1.670175905,-31.68148197
398,-368.1901784,2.41E+24,53.89032397,8.283380618,-57.90334846,-12.46310066,2.93E+52,37.18274859,76.06767048,-108.638196
399,381.35257,-1.03E+24,-14.10662142,-343.707777,-40.46350471,-23.90939533,3.14E+53,-27.06317545,87.83506764,-43.24122627
400,136.456735,1.69E+26,22.346777,3.448866774,-19.50270433,42.95924107,-2.59E+48,16.39745266,-36.94164246,31.008506
